,0
0,#법정
1,#계약서
2,#예술통역
3,#예술강사
4,#ktatlab
5,#youaregreat
6,#서울로시집온여자들
7,#예술강사
8,#충남대
9,#무용학과
10,#학사석사박사
11,#동문
12,#선후배
13,#학연
14,#든든합니다❤️
15,#세종대학교
16,#교육대학원
17,#연극영화교육
18,#연극영화교육전공
19,#석사졸업
20,#예술강사
21,#배우
22,#한국사능력검정시험
23,#임용고시
24,#교사
25,#4
26,#경기문화재단
27,#경기문화예술교육지원센터
28,#경기지역특성화문화예술교육
29,#문화예술교육
30,#예술교육
31,#예술강사
32,#남양주
33,#평택
34,#안산
35,#안성
36,#연천
37,#경기
38,#남양주맘
39,#가족
40,#꿈
41,#어린이
42,#가정
43,#큰자기
44,#아기자기
45,#서울시청
46,#유퀴즈온더블럭
47,#자기님솜씨자랑
48,#유퀴즈
49,#샌드아트
50,#샌드아티스트
51,#샌드아트코
52,#채승웅
53,#샌드아트작가
54,#예술교육
55,#예술강사
56,#샌드아트교육
57,#모래그림
58,#artworks
59,#artstagram
60,#경상대
61,#예술강사
62,#특강
63,#하얗게불태웠다
64,#남편이오늘이쁘다고사진찍으래
65,#제주바당
66,#샌드아트
67,#샌드아티스트
68,#샌드아트코
69,#채승웅
70,#샌드아트작가
71,#예술교육
72,#예술강사
73,#샌드아트교육
74,#모래그림
75,#artworks
76,#artstagram
77,#젖병개인기
78,#꼭지사라짐
79,#깜짝놀람
80,#먹어버린줄
81,#tbn교통방송
82,#극단유피씨어터
83,#이벤트DL기획
84,#한국연극협회
85,#예술강사
86,#광주전남엠씨패밀리
87,#이벤트mc
88,#유피뮤지컬웨딩
89,#광주청년회의소
90,#신부넷
91,#더제이브라이드
92,#결혼식사회
93,#전통혼례
94,#인싸
95,#아싸
96,#축제
97,#드루와
98,#섭외1순위
99,#okurumi
100,#arttoy
101,#cute
102,#玩具
103,#예술강사
104,#illustration
105,#插畫
106,#아트토이
107,#zzz
108,#omi
109,#귀여운생필품
110,#귀여운장난감
111,#omidearm
112,#beakid
113,#haveanicedream
114,#금혼식
115,#곡성기차마을
116,#야외결혼식
117,#집례자
118,#tbn교통방송
119,#극단유피씨어터
120,#이벤트DL기획
121,#한국연극협회
122,#예술강사
123,#광주전남엠씨패밀리
124,#이벤트mc
125,#유피뮤지컬웨딩
126,#광주청년회의소
127,#신부넷
128,#더제이브라이드
129,#결혼식사회
130,#전통혼례
131,#인싸
132,#아싸
133,#축제
134,#드루와
135,#섭외1순위
136,#대장찾기놀이
137,#초등저학년
138,#연극놀이
139,#규칙놀이
140,#질서놀이
141,#배려놀이
142,#따라하기놀이
143,#예술강사
144,#교육연극
145,#학교예술교육
146,#2019
147,#잊지못할또하나의추억
148,#같이성장하는날
149,#히든박스
150,#모의고사
151,#감사합니다
152,#수고하셨습니다
153,#고생했어
154,#대전연극영화입시
155,#뮤지컬입시
156,#둔산동
157,#언제나아름다운
158,#꿈이있는아이들
159,#배우
160,#배우지망생
161,#연극영화입시
162,#뮤지컬
163,#보컬특기
164,#입시강사
165,#예술강사
166,#음악강사
167,#뮤지컬보컬트레이너
168,#뮤지컬전문
169,#엔터식스한양대점
170,#극장모의고사
171,#하루일기
172,#하루일과정리
173,#2020대입입시
174,#가즈아
175,#포항스틸아트
176,#예술강사
177,#아뜰리에
178,#미술
179,#샌드아트
180,#steelart
181,#art
182,#sandart
183,#양말목공예
184,#업사이클링
185,#공예수업
186,#예술강사
187,#컵받침만들기
188,#fingerknitting
189,#upcycling
190,#teamat
191,#artandcraft
192,#리듬앤핏
193,#리듬체조
194,#전주혁신도시
195,#꿈나무
196,#tbn교통방송
197,#극단유피씨어터
198,#이벤트DL기획
199,#한국연극협회
200,#예술강사
201,#광주전남엠씨패밀리
202,#이벤트mc
203,#유피뮤지컬웨딩
204,#광주청년회의소
205,#신부넷
206,#더제이브라이드
207,#결혼식사회
208,#전통혼례
209,#인싸
210,#아싸
211,#축제
212,#드루와
213,#섭외1순위
214,#엄마일기
215,#복직
216,#예술강사
217,#꽃선물
218,#친구스타그램
219,#올더띵스
220,#큰일났네
221,#레진아트
222,#공예수업
223,#예술강사
224,#제2서울창의예술교육센터
225,#창의
226,#예술
227,#음악
228,#소리
229,#교육
230,#창의예술
231,#예술교육
232,#예술강사
233,#음악교육
234,#lp
235,#강의실
236,#연구실
237,#일상
238,#기록
239,#드라이브
240,#도시락
241,#감동
242,#예술강사
243,#연극수업
244,#화성에서양주
245,#일상
246,#데일리
247,#일상공유
248,#일상스타그램
249,#배우스타그램
250,#경주농협연수원
251,#경주농협교육원
252,#힐링하모니
253,#하모니
254,#노래
255,#뮤지컬
256,#성악
257,#합창단
258,#예술강사
259,#추억
260,#소통
261,#인연
262,#만남
263,#오오디티
264,#오오티디
265,#오오티디룩
266,#어제
267,#청문회시청중
268,#감시당하는중
269,#움직이지마
270,#tbn교통방송
271,#극단유피씨어터
272,#이벤트DL기획
273,#한국연극협회
274,#예술강사
275,#광주전남엠씨패밀리
276,#이벤트mc
277,#유피뮤지컬웨딩
278,#광주청년회의소
279,#신부넷
280,#더제이브라이드
281,#결혼식사회
282,#전통혼례
283,#인싸
284,#아싸
285,#축제
286,#드루와
287,#섭외1순위
288,#하루종일
289,#박혜경
290,#rain
291,#스튜디오
292,#시청역
293,#샌드아트
294,#샌드아티스트
295,#샌드아트코
296,#채승웅
297,#샌드아트작가
298,#예술교육
299,#예술강사
300,#샌드아트교육
301,#모래그림
302,#artworks
303,#artstagram
304,#운동스타그램
305,#안다르
306,#운동복
307,#울산운동
308,#예술강사
309,#댄스강사
310,#일상
311,#데일리
312,#좋아요
313,#소통
314,#좋반
315,#like4likes
316,#번지피지오
317,#번지피트니스
318,#댄스핏
319,#유지어터
320,#울산다이어트
321,#일상
322,#데일리
323,#일상공유
324,#일상스타그램
325,#얼스타그램
326,#경주농협교육원
327,#경주농협연수원
328,#보문단지
329,#힐링하모니
330,#하모니
331,#기업교육
332,#노래
333,#뮤지컬
334,#예술강사
335,#힐링
336,#여행
337,#관광
338,#합창
339,#합창단
340,#소통
341,#추억
342,#만남
343,#인연
344,#okurumi
345,#arttoy
346,#cute
347,#玩具
348,#예술강사
349,#illustration
350,#插畫
351,#아트토이
352,#zzz
353,#omi
354,#귀여운생필품
355,#귀여운장난감
356,#omidearm
357,#beakid
358,#haveanicedream
359,#일상
360,#데일리
361,#일상공유
362,#일상스타그램
363,#힐링하모니
364,#하모니
365,#예술강사
366,#기업교육
367,#경주농협연수원
368,#경주보문단지
369,#힐링
370,#여행
371,#만남
372,#소통
373,#추억
374,#인연
375,#오오디티
376,#오오티디룩
377,#4H
378,#전라남도
379,#13개지역
380,#콘서트하는줄
381,#tbn교통방송
382,#극단유피씨어터
383,#이벤트DL기획
384,#한국연극협회
385,#예술강사
386,#광주전남엠씨패밀리
387,#이벤트mc
388,#유피뮤지컬웨딩
389,#광주청년회의소
390,#신부넷
391,#더제이브라이드
392,#결혼식사회
393,#전통혼례
394,#인싸
395,#아싸
396,#축제
397,#드루와
398,#섭외1순위
399,#일상
400,#데일리
401,#일상공유
402,#일상스타그램
403,#황남밀면
404,#아덴
405,#밀면맛집
406,#커피맛집
407,#긍정빵
408,#핑크솔트슈페너
409,#아메리카노
410,#경주보문단지
411,#경주농협교육원
412,#힐링
413,#여행
414,#기업교육
415,#힐링하모니
416,#하모니
417,#예술강사
418,#오늘은
419,#예술강사
420,#이제는
421,#봄봄출근
422,#대장찾기놀이
423,#초등저학년
424,#연극놀이
425,#규칙놀이
426,#질서놀이
427,#배려놀이
428,#따라하기놀이
429,#예술강사
430,#교육연극
431,#학교예술교육
